item_A,item_B,pair_count,support_pct,confidence_A_to_B_pct,confidence_B_to_A_pct,lift
Bikini top,Swimwear bottom,23299,5.144005210460662,78.1373666912603,78.84335555480355,11.97629460333186
Swimsuit,Swimwear bottom,2764,0.6102420877167806,30.22747156605424,9.35332137660316,4.633034358827375
Bikini top,Swimsuit,2785,0.6148785145771468,9.339995975585216,30.457130358705157,4.626433811462915
Bra,Underwear bottom,13074,2.886506893925177,32.02998677054241,40.92274946788531,4.540973474995501
Shorts,Vest top,7615,1.6812566924613908,24.039523944818008,18.20507303545387,2.603060502987436
Socks,Underwear bottom,2930,0.6468919381368187,17.601826264568064,9.171153123826217,2.495456109660115
Dress,Jumpsuit/Playsuit,3193,0.7049576650071202,3.695601851851851,38.71241513094083,2.02942219297832
Blouse,Shirt,6084,1.3432390961175444,12.273057371096586,21.58977998580554,1.9726391910495502
Shorts,T-shirt,8634,1.906233786304878,27.256368974334688,13.696935084713497,1.9584623836205155
Cardigan,Sweater,5151,1.1372492741784141,36.459513023782556,6.073576229218252,1.9471512240805273
Bra,Leggings/Tights,4314,0.952454546458101,10.568866676466264,16.905713613919584,1.8759344886375293
Shorts,Swimwear bottom,3862,0.852660977844503,12.191811093222212,13.068931677439002,1.8686670358054218
Top,Vest top,9478,2.092573989645313,17.147302529218077,22.658920844390256,1.856753322114177
T-shirt,Vest top,10800,2.384448099616943,17.133066818960593,25.819407588037013,1.8552118433732379
Leggings/Tights,Vest top,4136,0.9131553092607106,16.208166784230738,9.88787683186306,1.7550613264518753
T-shirt,Top,13332,2.9434687096382484,21.149819150961356,24.119839345804536,1.7330921115064373
Hoodie,Sweater,5982,1.320719308510051,32.4087116697367,7.053413512557481,1.7308147412017674
Bikini top,Shorts,3581,0.7906211708081734,12.009524448319805,11.304732140038515,1.7171872197492601
Skirt,Vest top,5047,1.1142879221080286,15.773846730841354,12.06579167563174,1.7080320516946685
Blouse,Top,10165,2.2442513826487245,20.50552731380618,18.390201541411873,1.6802965252883457
