,0,1,2,3,4,5,6,7,8,9,10,11,12
2018-09,100.0,43.9,43.0,40.0,38.1,36.8,38.2,40.1,40.2,43.3,41.5,34.6,36.5
2018-10,100.0,35.9,33.6,32.1,29.6,31.1,32.5,33.1,35.7,34.1,28.1,28.8,30.1
2018-11,100.0,26.8,24.4,22.4,23.5,25.1,25.4,28.3,27.6,21.9,21.3,22.0,23.9
2018-12,100.0,21.0,18.7,19.5,21.3,21.7,24.6,23.7,19.2,18.4,18.7,19.5,20.6
2019-01,100.0,17.9,17.9,19.9,19.9,21.2,20.8,16.1,15.5,16.6,17.0,16.9,15.3
2019-02,100.0,17.9,17.5,16.9,19.6,17.6,14.4,14.3,14.1,14.6,14.4,12.9,13.0
2019-03,100.0,19.5,18.1,21.1,18.5,13.9,14.2,15.1,15.4,14.8,12.3,13.3,11.5
2019-04,100.0,18.8,19.0,18.1,13.4,13.4,13.9,14.6,13.2,12.0,11.9,10.7,11.9
2019-05,100.0,19.9,17.1,12.8,13.2,12.9,13.8,12.7,11.3,11.4,10.3,11.5,12.6
2019-06,100.0,19.7,12.1,12.8,12.3,12.9,12.4,11.3,10.5,9.9,11.1,12.9,15.8
2019-07,100.0,13.1,11.7,12.1,12.6,12.1,9.6,9.3,9.2,10.0,10.4,14.5,13.3
2019-08,100.0,15.2,13.0,13.2,13.0,10.8,9.7,8.5,9.6,10.6,13.9,12.7,11.0
2019-09,100.0,15.3,14.5,13.3,10.3,11.0,9.9,10.7,10.7,13.8,12.2,12.1,9.0
2019-10,100.0,14.1,13.2,10.3,10.1,9.1,9.3,10.3,13.3,11.8,10.3,7.7,
2019-11,100.0,13.9,10.8,10.7,9.4,9.7,10.7,13.6,10.6,10.6,6.8,,
2019-12,100.0,12.5,11.3,9.2,9.5,10.5,14.1,11.6,10.2,7.3,,,
2020-01,100.0,11.5,9.6,10.0,10.1,12.1,10.7,10.4,7.7,,,,
2020-02,100.0,12.8,11.5,11.5,14.0,11.9,10.1,9.0,,,,,
2020-03,100.0,13.3,11.7,14.4,10.7,10.6,7.4,,,,,,
2020-04,100.0,14.1,13.6,9.4,8.9,6.8,,,,,,,
