decile,n_customers,n_lapsed,avg_prob,lapse_rate_pct,capture_pct,cum_capture_pct,lift
1,9530,8866,0.89800817,93.0,15.2,15.2,1.57
2,7839,6960,0.8505838,88.8,11.9,27.1,1.5
3,9320,7798,0.791939,83.7,13.4,40.5,1.42
4,12766,9743,0.71813613,76.3,16.7,57.2,1.29
5,7495,5251,0.6430353,70.1,9.0,66.2,1.19
6,10036,6176,0.57918394,61.5,10.6,76.8,1.04
7,11040,5676,0.49091876,51.4,9.7,86.5,0.87
8,10002,3955,0.37918255,39.5,6.8,93.3,0.67
9,10276,2776,0.268663,27.0,4.8,98.1,0.46
10,10358,1078,0.09749753,10.4,1.8,99.9,0.18
