feature,mean_abs_shap
active_days_all,0.49075365
recency_days,0.22354485
active_days_26w,0.19887562
n_purchase_days,0.14281216
max_gap_days,0.08028785
age,0.07467159
min_gap_days,0.059975393
n_distinct_articles,0.0553014
is_club_active,0.05237102
txn_count_26w,0.040606044
online_share,0.040505257
avg_gap_days,0.03857993
spend_12w,0.034602873
avg_item_price,0.027897004
tenure_days,0.024081877
active_days_12w,0.016543778
txn_count_12w,0.016147438
spend_4w,0.015324841
spend_all,0.014049581
avg_basket_size,0.013387168
txn_count_all,0.009021201
spend_26w,0.0077240765
txn_count_4w,0.007353225
active_days_4w,0.0067293965
news_regular,0.0053334245
